{"graph": {"_type": "graph-file", "sha256": "4db46c68be4b26fc5515f3d6f03222de1ce151f7b5f863e91e538064a9010c05", "size": 1655, "path": "media/graph/graph_summary_4db46c68be4b26fc5515.graph.json"}, "epoch": 9, "_timestamp": 1667510534.6544845, "loss": 0.07157046347856522, "categorical_accuracy": 0.9810738563537598, "val_loss": 0.07936236262321472, "val_categorical_accuracy": 0.9825146198272705, "_runtime": 198.58016443252563, "_step": 9, "best_val_loss": 0.061478499323129654, "best_epoch": 5, "_wandb": {"runtime": 202}}