{"graph": {"_type": "graph-file", "sha256": "4db46c68be4b26fc5515f3d6f03222de1ce151f7b5f863e91e538064a9010c05", "size": 1655, "path": "media/graph/graph_summary_4db46c68be4b26fc5515.graph.json"}, "epoch": 22, "_timestamp": 1667422545.2743895, "loss": 0.05663476139307022, "categorical_accuracy": 0.9862109422683716, "val_loss": 0.07506638020277023, "val_categorical_accuracy": 0.9845876693725586, "_runtime": 501.5958185195923, "_step": 22, "best_val_loss": 0.049421269446611404, "best_epoch": 9, "_wandb": {"runtime": 518}}