{"graph": {"_type": "graph-file", "sha256": "4db46c68be4b26fc5515f3d6f03222de1ce151f7b5f863e91e538064a9010c05", "size": 1655, "path": "media/graph/graph_summary_4db46c68be4b26fc5515.graph.json"}, "epoch": 0, "_timestamp": 1667650243.0630646, "loss": 1.4537049531936646, "categorical_accuracy": 0.7686727046966553, "val_loss": 0.14312462508678436, "val_categorical_accuracy": 0.9625056385993958, "_runtime": 16.805631637573242, "_step": 0, "best_val_loss": 0.14312462508678436, "best_epoch": 0, "_wandb": {"runtime": 25}}