{"graph": {"_type": "graph-file", "sha256": "4db46c68be4b26fc5515f3d6f03222de1ce151f7b5f863e91e538064a9010c05", "size": 1655, "path": "media/graph/graph_summary_4db46c68be4b26fc5515.graph.json"}, "epoch": 2, "_timestamp": 1667421463.6023273, "loss": 0.14975614845752716, "categorical_accuracy": 0.9585427045822144, "val_loss": 0.09639843553304672, "val_categorical_accuracy": 0.9750338196754456, "_runtime": 75.31107640266418, "_step": 2, "best_val_loss": 0.08584735542535782, "best_epoch": 1, "_wandb": {"runtime": 74}}