,base_accuracy,accuracy,num_parameters,compressed_disk_size
0,0.9704711437225342,0.9926133155822754,27656840,52000242
1,0.9616143107414246,0.9914299845695496,27656840,51925512
