{"graph": {"_type": "graph-file", "sha256": "4db46c68be4b26fc5515f3d6f03222de1ce151f7b5f863e91e538064a9010c05", "size": 1655, "path": "media/graph/graph_summary_4db46c68be4b26fc5515.graph.json"}, "epoch": 0, "_timestamp": 1667645678.7633643, "loss": 1.9541621208190918, "categorical_accuracy": 0.7618457674980164, "val_loss": 0.1661209762096405, "val_categorical_accuracy": 0.9570977687835693, "_runtime": 18.066026210784912, "_step": 0, "best_val_loss": 0.1661209762096405, "best_epoch": 0, "_wandb": {"runtime": 21}}