{"GFLOPs": 0.00422771, "graph": {"_type": "graph-file", "sha256": "4db46c68be4b26fc5515f3d6f03222de1ce151f7b5f863e91e538064a9010c05", "size": 1655, "path": "media/graph/graph_summary_4db46c68be4b26fc5515.graph.json"}, "epoch": 9, "_timestamp": 1667380647.0398538, "_runtime": 131.97680377960205, "loss": 0.08397258818149567, "categorical_accuracy": 0.9769086241722107, "_step": 9, "_wandb": {"runtime": 141}}