{"graph": {"_type": "graph-file", "sha256": "4db46c68be4b26fc5515f3d6f03222de1ce151f7b5f863e91e538064a9010c05", "size": 1655, "path": "media/graph/graph_summary_4db46c68be4b26fc5515.graph.json"}, "epoch": 1, "_timestamp": 1667649634.0902987, "loss": 0.1968620866537094, "categorical_accuracy": 0.9430187344551086, "val_loss": 0.073429636657238, "val_categorical_accuracy": 0.9791797995567322, "_runtime": 38.85984969139099, "_step": 1, "best_val_loss": 0.073429636657238, "best_epoch": 1, "_wandb": {"runtime": 46}}