{"graph": {"_type": "graph-file", "sha256": "4db46c68be4b26fc5515f3d6f03222de1ce151f7b5f863e91e538064a9010c05", "size": 1655, "path": "media/graph/graph_summary_4db46c68be4b26fc5515.graph.json"}, "epoch": 9, "_timestamp": 1667583166.6830354, "loss": 0.07062646001577377, "categorical_accuracy": 0.9809386730194092, "val_loss": 0.0637265145778656, "val_categorical_accuracy": 0.9845876693725586, "_runtime": 178.06368041038513, "_step": 9, "best_val_loss": 0.054741691797971725, "best_epoch": 7, "_wandb": {"runtime": 191}}